<?xml version="1.0" encoding="UTF-8"?>
<project-private xmlns="http://www.netbeans.org/ns/project-private/1">
    <editor-bookmarks xmlns="http://www.netbeans.org/ns/editor-bookmarks/2" lastBookmarkId="0"/>
    <open-files xmlns="http://www.netbeans.org/ns/projectui-open-files/2">
        <group>
            <file>file:/C:/Users/Giann%20Gernale/Documents/NetBeansProjects/PaySys/src/paysys/PaySys_Leave.java</file>
            <file>file:/C:/Users/Giann%20Gernale/Documents/NetBeansProjects/PaySys/src/paysys/PaySys_Login.java</file>
            <file>file:/C:/Users/Giann%20Gernale/Documents/NetBeansProjects/PaySys/src/paysys/PaySys_Homepage.java</file>
            <file>file:/C:/Users/Giann%20Gernale/Documents/NetBeansProjects/PaySys/src/PaySys_Classes/Leave.java</file>
            <file>file:/C:/Users/Giann%20Gernale/Documents/NetBeansProjects/PaySys/src/PaySys_Classes/Employee.java</file>
        </group>
    </open-files>
</project-private>
